INSERT INTO soft (id, sname, ver, quant) VALUES
(1, 'MSAccess', '2.19.07', 200),
(2, 'MSExcel', '5.01.02', 400),
(3, 'MSWord', '6.05.4', 400),
(4, 'TLauncher', '1.20.2', 1000),
(5, 'OutLook', '2.19.07', 500);

INSERT INTO employees (id, lname, fname, mname) VALUES
(1, 'Anisimov', 'Omega', 'Andreevich'),
(2, 'Anisimov', 'Oleg', 'Andreevich'),
(3, 'Anisimova', 'Helga', 'Andreevna'),
(4, 'Baron', 'Vladik', 'Vladimirovoch'),
(5, 'Bobsov', 'Bobs', 'Bobsikovich'),
(6, 'Kickigin', 'Rostis', 'Alecksevich'),
(7, 'Musay', 'Yahya', 'Ruslanovich'),
(8, 'Rusiy', 'Alpha', 'Omegovich'),
(9, 'Java', 'Dmitry', 'Vladimirovich'),
(10, 'Basik', 'Maria', 'Olegovna');

INSERT INTO rooms (id, num, emp_id) VALUES
(1, 101, 1),
(2, 102, 2),
(3, 103, 3),
(4, 104, 4),
(5, 105, 5),
(6, 106, 6),
(7, 107, 7),
(8, 108, 8),
(9, 109, 9),
(10, 110, 10),
(11, 111, 1),
(12, 112, 2),
(13, 113, 3),
(14, 114, 4),
(15, 115, 5);

INSERT INTO pcs (id, room_id, note, ip_addr, mac_addr) VALUES
(1, 1, '', '118.137.15.244', '52.2A.DB.51.A8.CD'),
(2, 2, '', '118.137.15.245', '52.3A.DB.51.A8.CD'),
(3, 3, '', '118.137.15.246', '52.4A.DB.51.A8.CD'),
(4, 4, '', '118.137.15.247', '52.5A.DB.51.A8.CD'),
(5, 5, '', '118.137.15.248', '52.6A.DB.51.A8.CD'),
(6, 6, 'Broken', '118.137.15.249', '52.7A.DB.51.A8.CD'),
(7, 7, '', '118.137.15.250', '52.8A.DB.51.A8.CD'),
(8, 8, '', '118.137.15.251', '52.9A.DB.51.A8.CD'),
(9, 9, '', '118.137.15.252', '52.2A.DB.61.A8.CD'),
(10, 10, '', '118.137.15.253', '52.2A.DB.71.A8.CD'),
(11, 11, '', '118.137.15.254', '52.2A.DB.81.A8.CD'),
(12, 12, '', '118.137.15.255', '52.2A.DB.91.A8.CD'),
(13, 13, '', '118.137.15.256', '52.2A.DB.51.A8.CD'),
(14, 14, '', '118.137.15.257', '52.2A.DB.52.A8.CD'),
(15, 15, 'new user', '118.137.15.258', '52.2A.DB.53.A8.CD'),
(16, 1, '', '118.137.15.259', '52.2A.DB.54.A8.CD'),
(17, 2, '', '118.137.15.260', '52.2A.DB.55.A8.CD'),
(18, 3, '', '118.137.15.261', '52.2A.DB.56.A8.CD'),
(19, 4, '', '118.137.15.262', '52.2A.DB.57.A8.CD'),
(20, 5, '', '118.137.15.263', '52.2A.DB.58.A8.CD'),
(21, 6, 'to sell', '118.137.15.264', '52.2A.DB.59.A8.CD'),
(22, 7, '', '118.137.15.265', '52.2A.DB.51.A1.CD'),
(23, 8, '', '118.137.15.266', '52.2A.DB.51.A2.CD'),
(24, 9, '', '118.137.15.267', '52.2A.DB.51.A3.CD'),
(25, 10, '', '118.137.15.268', '52.2A.DB.51.A4.CD'),
(26, 11, '', '118.137.15.269', '52.2A.DB.51.A5.CD'),
(27, 12, '', '118.137.15.270', '52.2A.DB.51.A6.CD'),
(28, 13, '', '118.137.15.271', '52.2A.DB.51.A7.CD'),
(29, 14, '', '118.137.15.272', '52.2A.DB.51.A9.CD'),
(30, 15, '', '118.137.15.273', '52.2A.DB.51.A8.SD');

INSERT INTO installs (pc_id, soft_id) VALUES
(1, 1),
(2, 1),
(3, 1),
(4, 1),
(5, 1),
(6, 1),
(7, 1),
(8, 1),
(9, 1),
(10, 1),
(11, 1),
(12, 1),
(13, 1),
(14, 1),
(15, 1),
(16, 1),
(17, 1),
(18, 1),
(19, 1),
(20, 1),
(21, 1),
(22, 1),
(23, 1),
(24, 1),
(25, 1),
(26, 1),
(27, 1),
(28, 1),
(29, 1),
(30, 1),
(1, 2),
(2, 3),
(3, 4),
(4, 5),
(5, 2),
(6, 3),
(7, 4),
(8, 5),
(9, 2),
(10, 3),
(11, 4),
(12, 5),
(13, 2),
(14, 3),
(15, 4),
(16, 5),
(17, 2),
(18, 3),
(19, 4),
(20, 5),
(21, 2),
(22, 3),
(23, 4),
(24, 5),
(25, 2),
(26, 3),
(27, 4),
(28, 5),
(29, 2),
(30, 3);
